167b5b3eeed0f9b502f7f1f245d5116c	blue	suffix
b69db0a822ed9d3922db9946a892dc3f	red
9c0fe787b120b62b93c3cb46d844d9fa	red
e7e4bfdc8dfad206c1f1638a29b2f703	blue	suffix
20a0d2f150b3312772f5c00e54fd7baf	grey	ad
06ad8aee2710d4b77d4121a90e32bfb7	grey	ad
9ad301cbe9ff2be7f9bd2ddbe5339432	yellow	prefix
b079d9bfa3d84b0bdc2c1398d247150e	red
5f156f886c74941b82deacdbec0e23a3	yellow	prefix
32debaa2edfdd6b9fcefff9d65ff740f	blue	suffix
6a8bfd0d283e30c8fe2c88a938260c5f	blue	suffix
66ad342d5e4a4e235489cb6b22ead1f3	blue	suffix
de648fd7d864d391f540c83f31e8e5fe	red
2970af3e30642198ba1dfa1f304f310b	yellow	prefix
c97ab403dfec27de969d1b6debc9e4fb	red
86440f2600e40a23725d58e958687843	grey	ad
86cd70d2450e3f44f4a7c543f53008ee	blue	suffix
5e503ff4a5af2d4e35b4cc45fe8dc846	yellow	prefix
11254cea51c1389ddabe05661e40c231	yellow	prefix
0b7809b1b04598cfc5bbf6264159dde9	red
339277019fe12bc3cac9b8895e27d5cc	red
76dfe03cf1770d4ae5c703515096f2e9	red
a404bf4d32831f2133794e5fe5d0a73e	yellow	prefix
af221dfa5b6c65292b9eaacdbeae6b0e	red
934545da41a2aaae09253aec77b18cbd	red
401a67858704d406087efd35334e84e1	blue	suffix
863728e1cec6befd5ba02d15baef4c36	red
588253f8c914de60cbb9577946854a39	yellow	prefix
c497da3b39f30aceede6bec3b03cd100	yellow	prefix
838578e62435ad0daca804b83cc5037f	grey	ad
24f4f9f6dec2c880059f8eb335d8c9bc	grey	ad
efe87ce9ef011150470cb0bd7b67a768	blue	suffix
ab6930d8cf97715bf32e9ab0c00ccd50	grey	ad
bdf18e8980906003f3978e5ee578c9ea	red
beb8cb17f8152e488b6bc95bfcdb484f	red
b0db420e1cdc5220e66a2b9a4b70b50a	red
b8b0859fd6afcfc39c1a7e6a50415ca3	grey	ad
ddeb7a85942593ec57e0cd5f3e06701e	blue	suffix
3216b39d4af1de8cb3faee0adae93a2b	red
0b1c2b9ed02095f223b442c9bdd35006	blue	suffix
73748067baf6a8d8dfd693497d93c01f	blue	suffix
f4ad315ec51d8bee23cb39f39bc8b019	blue	suffix
a2c45679733004eb45e94334e3d5094f	grey	ad
843d32e6b6c1caf98f73a506a167e307	blue	suffix
cc1e9cc7b5d5c955b025d6e85c5bab2d	blue	suffix
e267b16415fd2aa2ca6523d3ec077f13	red

